smiles,label
OCC1CCN2CCCC12,0
CC(C)=CCOc1ccc(C2=C(CC(C)C)C(=O)NC2=O)cc1,1
COc1c(OC2OC(CO)C(O)C(O)C2O)cc2oc(-c3ccc(O)cc3)cc(=O)c2c1O,1
CC(=O)OC(CC(C)C1=C2CC(O)C3C4(C)CCC(=O)C(C)(C)C4CCC3(C)C2(C)CC1)C1OC1(C)C,1
COc1cc2c(c(OC)c1OC)-c1c(cc(OC)c(OC)c1OC)CC(C)(O)C(C)C2,1
COc1cc(C=CC(=O)O)ccc1O,1
CC(=O)N1c2ccccc2C23CCN4CC5=CCOC(O)C(C5CC42)C13,1
CC1(C)CCC2(C(=O)OC3OC(CO)C(O)C(O)C3O)CCC3(C)C(=CCC4C5(C)CCC(OC6OC(C(=O)O)C(O)C(O)C6O)C(C)(C)C5CCC43C)C2C1,1
O=C1CC(c2ccc(OC3OC(CO)C(O)C(O)C3O)cc2)Oc2cc(O)ccc21,1
COc1cc2ccc(=O)oc2cc1OC,1
C=C1CCCC2(C)Cc3occ(C)c3CC12,1
CC1CCC2(CO)CCC3(C)C(=CCC4C5(C)CCC(=O)C(C)(C)C5CCC43C)C2C1C,1
O=c1ccc2cc3ccoc3cc2o1,1
CC1CCC2(OC1)OC1CC3C4CC=C5CC(OC6OC(CO)C(O)C(O)C6OC6OC(C)C(O)C(O)C6O)CCC5(C)C4CCC3(C)C1(O)C2C,1
OCC1=CCN2CCC(O)C12,0
Cc1cc(O)c2c(c1)C(=O)c1cc(O)cc(O)c1C2=O,1
CC1(O)CCC2C(C(=O)O)=COC(OC3OC(CO)C(O)C(O)C3OC(=O)c3ccc(O)cc3)C21,1
CC1C(=O)OC2CC[N+]3([O-])CC=C(COC(=O)C(C)(O)C1(C)O)C23,0
C=C1C2CCC3C4(C)CC(OC5OC(CO)C(OS(=O)(=O)O)C(OS(=O)(=O)O)C5OC(=O)CC(C)C)CC(C(=O)O)(C(=O)O)C4CCC3(C2)C1O,0
CC1C(=O)OCC2=CCN3CCC(OC(=O)C(C)C1(C)O)C23,0
COc1cc(C2C3C=C(C4Oc5cc(O)cc(O)c5C(=O)C4O)C4C2COC4(O)C3=O)ccc1O,1
CC(C)=CCCC1C(=O)OC2CC3(C)C4=CCC5C(C)(C)C(=O)CCC5(C)C4CCC3(C)C21,0
C=C1C(=O)C23CC1CC(O)C2C12COC(O)C1C(C)(C)CCC2OC3=O,1
CC=C1CC(C)C(C)(O)C(=O)OCC2=CC[N+]3([O-])CCC(OC1=O)C23,0
CCN1CC2(COC)C(O)CC(OC)C34C5CC6(O)C(O)C5C(O)(C(O)C6OC)C(C(OC)C23)C14,1
O=C1c2cccc(O)c2C(=O)c2c(O)cc(CO)cc21,1
COc1cc2c(cc1OC)C1C(C)c3ccc4c(c3CN1C=C2)OCO4,1
CC1OC(OCC2OC(Oc3c(-c4ccc(OCCO)c(OCCO)c4)oc4cc(OCCO)cc(O)c4c3=O)C(O)C(O)C2O)C(O)C(O)C1O,1
CC1=C2CC3C(CC(=O)C4CC(O)CCC43C)C2CCC12OC1CC(C)CNC1C2C,1
OCC1OC(OC2OC=CC3C(O)C4OC4(CO)C23)C(O)C(O)C1O,1
CC1(C(=O)O)CCC2(C)CCC3(C)C(=CC(=O)C4C5(C)CCC(O)C(C)(C)C5CCC43C)C2C1,1
O=c1cc(-c2ccc(O)c(O)c2)oc2cc(OC3OC(CO)C(O)C(O)C3O)cc(O)c12,1
CCCCCCCCCC=O,1
OCC1=CC(O)C2(OC3OC(CO)C(O)C(O)C3O)C=COC(OC3OC(CO)C(O)C(O)C3O)C12,1
C=C1CCC(O)CC1=CC=C1CCCC2(C)C1CCC2C(C)CCCC(C)C,1
COc1cc2c(c(OC)c1OC)-c1c(cc(OC)c(OC)c1OC)CC(C)C(C)C2,1
C=CC1(C)CCC(C(=C)C)CC1C(=C)C,1
CC(C)=C1CCC2=CC(=O)CC(C)C2(C)C1,1
CCC1(O)CC2CN(CCc3c([nH]c4ccccc34)C(C(=O)OC)(c3cc4c(cc3OC)N(C=O)C3C(O)(C(=O)OC)C(OC(C)=O)C5(CC)C=CCN6CCC43C65)C2)C1,1
O=C1CC(c2ccccc2)Oc2cc(O)cc(O)c21,1
O=c1c(O)c(-c2ccc(O)cc2)oc2cc(O)cc(O)c12,1
C=C1C(=O)OC2C1CCC(C)=CCCC1(C)OC21,1
CC(C)=CCOc1c2occc2cc2ccc(=O)oc12,1
COCC12CCC(C)C(C)C1C1(O)C=CC3C4(C)CCC(=O)C(C)(C)C4CCC3(C)C1(C)CC2,1
CC1OC(OCC2OC(Oc3c(-c4ccc(O)cc4)oc4cc(O)cc(O)c4c3=O)C(O)C(O)C2O)C(O)C(O)C1O,1
COc1c(O)cc2c(c1O)C1OC(CO)C(O)C(O)C1OC2=O,1
C=C1CC2(O)OC3(CC2C(C)C)C(C)CCC13,1
CC1COC2=C1C(=O)C(=O)c1c2ccc2c1CCCC2(C)C,1
COc1cc(C2c3cc4c(cc3CC3COC(=O)C32)OCO4)cc(OC)c1OC,1
C=C1CC2(OC2C)C(=O)OC2CCN3CC=C(COC(=O)C1(C)O)C23,0
CC1CCC2(C(=O)O)CCC3(C)C(=CCC4C5(C)CC(O)C(O)C(C)(CO)C5CCC43C)C2C1C,1
CC(C)=CCCC(C)(O)C1CCC2(C)C1C(O)CC1C3(C)CCC(O)C(C)(C)C3CCC12C,1
COc1ccc(CCc2cc(OC)c(OC)c(OC)c2)cc1O,1
OC1C2CCOC3OCC(O)(C1O)C32,1
CC(C)=C1CCC(C)CC1=O,0
Oc1cc(O)c2c(c1)OC(c1ccc(O)c(O)c1)C(O)C2,1
C=CCc1ccc(OC(C)=O)c(OC)c1,0
CN1CC=C(CO)C(=O)C(O)CC1,0
O=C1C=C2C=CC3CC2(O1)C1CCCCN31,0
COc1ccccc1C=CC=O,1
COc1cc2ccc(=O)oc2cc1O,1
CC1CCC2(OC1)OC1CC3C4CC=C5CC(OC6OC(CO)C(OC7OC(C)C(O)C(O)C7O)C(O)C6OC6OC(C)C(O)C(O)C6O)CCC5(C)C4CCC3(C)C1C2C,1
CC(C)=C1CCC(C)CC1O,0
COc1c2occc2cc2ccc(=O)oc12,1
CC(C)C(=O)CCC(C)C1C(O)CC2(C)C3CCC4C(C)(C)C(O)CCC45CC35C(O)CC12C,1
C=C(C)C(CC=C(C)C)Cc1c(O)cc(O)c2c1OC(c1ccc(O)cc1O)CC2=O,1
c1ccc(-c2ccc3ccccc3[o+]2)cc1,1
CC(C)=C1CCCCC1=O,0
O=C1CC(c2ccc(O)cc2)Oc2c1c(O)cc1oc3cc(O)c(O)cc3c21,1
O=c1c(-c2ccc(O)cc2)coc2cc(OC3OC(CO)C(O)C(O)C3O)ccc12,1
O=c1c(O)c(-c2ccccc2)oc2cc(O)cc(O)c12,1
C=C1C(=O)OC2CC(C)C3CC(O)OC(O)C3(C)CC12,0
COC(=O)C1=COC(OC2OC(CO)C(O)C(O)C2O)C2C(CO)=CCC12,1
CC(C)=CCC=C(C)C1CCC2(C)C1C(O)CC1C3(C)CCC(OC4OC(CO)C(O)C(O)C4OC4OC(CO)C(O)C(O)C4O)C(C)(C)C3CCC12C,1
COc1c(O)cc2c(c1O)C(=O)c1c(cc(C)c(O)c1OC)C2=O,1
CC(C)C(O)(C(=O)OCC1=CCN2CCC(O)C12)C(C)O,0
OCC1C(O)C(O)C(O)C(O)C1O,1
CC(=O)OC1(C)C(=O)OCC2=CCN(C)CCC(OC(=O)C(O)(C(C)Cl)CC1C)C2=O,0
Cn1c2ccccc2c(=O)c2c(O)cc3c(c21)C=CC(C)(C)O3,1
CC(C)CC1C(=O)N2CCCC2C2(O)OC(NC(=O)C3C=C4c5cccc6[nH]c(Br)c(c56)CC4N(C)C3)(C(C)C)C(=O)N12,1
C=C(C)C1CCC2(CO)CCC3(C)C(CCC4C5(C)CCC(O)C(C)(C)C5CCC43C)C12,1
O=c1c(OC2OC(CO)C(O)C(O)C2O)c(-c2ccc(O)cc2)oc2cc(O)cc(O)c12,1
COc1ccc(-c2oc3c(CC=C(C)C)c(OC4OC(CO)C(O)C(O)C4O)cc(O)c3c(=O)c2OC2OC(C)C(O)C(O)C2O)cc1,1
CC1CC2(OC2C)C(=O)OC2CCN3CC=C(COC(=O)C1(C)O)C23,0
O=c1c(-c2ccc(O)cc2)coc2cc(O)ccc12,1
COc1cccc(O)c1-c1cc(=O)c2c(O)c(OC)c(OC)c(OC)c2o1,1
C=C1C(=O)OC2C1CCC1(C)C(O)CC=C(C)C21,0
C=C1C(=O)OC2C1CCC1(C)C(O)CCC(=C)C21,0
CC1=CC(=O)C(C(C)C)=CC1=O,1
C=C1C(=O)OC2CC(C)C3CC(O)C(O)C3(C)CC12,0
O=c1ccc2cc(OC3OC(CO)C(O)C(O)C3O)c(O)cc2o1,1
O=c1c2cc(OC3OC(CO)C(O)C(O)C3O)c(O)cc2oc2cc(O)c(C3OC(CO)C(O)C(O)C3O)c(O)c12,1
O=c1c2ccccc2nc2n1CCC2O,1
CC=C1C(=O)OC2CC[N+]3(C)CC=C(COC(=O)C(C)(OC(C)=O)C(C)C1OC(C)=O)C23O,0
O=C(O)c1cc(O)c2c(c1)C(C1c3cc(C(=O)O)cc(O)c3C(=O)c3c(OC4OC(CO)C(O)C(O)C4O)cccc31)c1cccc(OC3OC(CO)C(O)C(O)C3O)c1C2=O,1
CC1=CC(=O)C(C(C)C)CC1,0
CC(C)C(O)(C(=O)OCC1=CCN2CCCC12)C(C)O,0
CC=C(C)C(=O)OC1CCN2CCC(COC(=O)C(=CC)CO)C12,0
Cc1cc2ccc(=O)oc2cc1C,1
Cc1cc(O)c2c(O)c3c(O)cccc3cc2c1,0
CC(C)C(C)C=CC(C)C1CCC2C3=CC=C4CC(O)CCC4(C)C3CCC21C,1
CC(C)(O)C1CC=C(CO)CC1,1
CC1=CC(=O)OC2CCN3CCC(COC(=O)C(C)(O)C(C)C1)C23,0
CC(=O)OC1C(OC2CCC34CC35CCC3(C)C(C6(C)CCC(C(C)(C)O)O6)C(O)CC3(C)C5CC(OC3OC(CO)C(O)C(O)C3O)C4C2)OCC(O)C1O,1
CS(=O)CCCCN=C=S,1
C=C1C(=O)OC2CC(C)C3CCC(=O)C3(C)C(O)C12,0
C=C1C(=O)C23C(O)C1CCC2C12COC3(O)C(O)C1C(C)(C)CCC2O,1
CC1NC(=O)C(CC(C)(O)CO)NC(=O)C2Cc3c([nH]c4ccccc34)SCC(NC(=O)C(C(C)O)NC1=O)C(=O)N1CC(O)CC1C(=O)NC(C)C(=O)N2,0
C[N+](C)(C)CC(=O)[O-],1
CC(=O)OC1C(c2ccc(=O)oc2)C2(C)CCC3C(CCC4CC(O)CCC43C)C23OC13,1
CC1CCC2(OC1)OC1CC3C4CC=C5CC(OC6OC(CO)C(OC7OC(CO)C(O)C7O)C(O)C6OC6OC(C)C(O)C(O)C6O)CCC5(C)C4CCC3(C)C1C2C,1
CC(C=CC1=C(C)CCCC1(C)C)=CC=CC(C)=CCO,0
COC(=O)C1(O)CC(OC(=O)C=Cc2ccc(O)c(O)c2)C(O)C(OC(=O)C=Cc2ccc(O)c(O)c2)C1,1
C=C1CCC(OC2OC(CO)C(O)C(O)C2O)C2(C)CC3OC(=O)C(C)=C3CC12,1
O=C(C=Cc1ccc(O)c(O)c1)OC1CC(O)(C(=O)O)CC(O)C1O,1
Nc1nc2ncc(CNc3ccc(C(=O)NC(CCC(=O)O)C(=O)O)cc3)nc2c(=O)[nH]1,1
CC(CCC(=O)O)C1CCC2C3C(O)CC4CC(O)CCC4(C)C3CCC12C,1
COc1ccc(C=C2C(=O)OCC2Cc2ccc3c(c2)OCO3)cc1OC,1
COc1cc2c(cc1OC)C1Cc3ccc(OC)c(OC)c3CN1CC2,1
COc1cc(O)c2c(=O)c(O)c(-c3ccc(OC)c(O)c3)oc2c1,1
CC=C(C)C(=O)OC1CC(OC(=O)C=Cc2ccccc2)C2(C(=O)OC)COC3C2C12COC(O)(C(=O)OC)C2C(C)(C12OC1(C)C1CC2OC2OC=CC21O)C3O,1
O=c1oc2c(O)c(O)cc3c(=O)oc4c(O)c(O)cc1c4c23,1
O=C1OC(C(O)CO)C(O)=C1O,1
CC=C1CC(C)C(C)(O)C(=O)OCC2C(O)CN3CCC(OC1=O)C23,0
CC(=O)OC1(C)C(=O)OCC2=CCN(C)CCC(OC(=O)C3(CC1C)OC3C)C2=O,0
C=C1C(=O)OC2C=C(C)CCC=C(C)CCC12,1
C[n+]1cccc(C(=O)[O-])c1,1
C=C1C(=O)OC2CC(C)C3C=CC(=O)C3(C)C(O)C12,0
CC=C(C)C(=O)OC1CCN2CC=C(COC(=O)C(O)(C(C)OC)C(C)(C)O)C12,0
C=C1C2CCC3C4(C)CC(OC5OC(CO)C(OS(=O)(=O)O)C(OS(=O)(=O)O)C5OC(=O)CC(C)C)CC(C(=O)O)C4CCC3(C2)C1O,0
CCC1C(=O)OC2CCN(C)CC=C(COC(=O)C(C)(O)C(C)C1O)C2=O,0
COc1c(O)c2c(=O)cc3c4c5c(cc(O)c6oc(C(=O)O)c(CC(C)O)c(c(c1CC(C)O)c24)c65)OCO3,1
COc1cc(CCC(O)CC(=O)CCc2ccccc2)ccc1O,1
OCC1OC(OCC2OC(OCC3OC(OCC4OC(OC5(CO)OC(CO)C(O)C5O)C(O)C(O)C4O)C(O)C(O)C3O)C(O)C(O)C2O)C(O)C(O)C1O,1
C/C=C/c1ccc(OC)cc1,1
CC1CCc2c(C=O)cncc21,1
CC(C)=CCCC(C)(O)C1CCC2(C)C1C(O)CC1C3(C)CCC(OC4OC(CO)C(O)C(O)C4OC4OC(CO)C(O)C(O)C4O)C(C)(C)C3CCC12C,1
OCC1OC(OCC2OC(OC3(CO)OC(CO)C(O)C3O)C(O)C(O)C2O)C(O)C(O)C1O,1
CC(C)=CCCC(C)(O)C1CCC2(C)C1C(O)CC1C3(C)CCC(O)C(C)(C)C3C(OC3OC(CO)C(O)C(O)C3OC3OC(C)C(O)C(O)C3O)CC12C,1
CC(=O)OC1OC(Oc2c(-c3ccc(O)c(O)c3)oc3cc(O)cc(O)c3c2=O)C(O)C(O)C1O,1
COc1ccc(-c2cc(=O)c3c(O)c(OC)c(OC4OC(COC5OC(C)C(O)C(O)C5O)C(O)C(O)C4O)cc3o2)cc1,0
Cc1cc2occ(C)c2c2c1CCC(C)C2,0
COc1cc2oc(=O)ccc2cc1-c1c(OC)ccc2ccc(=O)oc12,1
C=C1CCC2C(C)(CO)C(O)CCC2(C)C1CC=C1C(=O)OC=C1O,1
O=c1ccc2cc(O)c(O)cc2o1,1
C=CC(=C)CCC=C(C)C,1
CC(C)=CCCC(C)(O)C1C(=O)CC2(C)C1CCC1C3(CO)CCC(OC4OC(CO)C(OC5OCC(O)C(O)C5O)C(O)C4O)C(C)(C)C3CCC12C,1
CC(=O)OC1C(=O)C2(C)C(O)CC3OCC3(OC(C)=O)C2C(OC(=O)c2ccccc2)C2(O)CC(OC(=O)C(O)C(NC(=O)c3ccccc3)c3ccccc3)C(C)=C1C2(C)C,1
CCCCC=CC=CC=CCCCCCCCC(=O)O,0
CC=C1CC(C)C(C)(O)C(=O)OCC2=CCN3CCC(OC1=O)C23,0
COc1ccc2c3c1OC1C(O)C=CC4C(C2)N(C)CCC341,0
O=C(CCc1ccc(O)cc1)Oc1cc(Cc2ccccc2)c(OC2OC(CO)C(O)C(O)C2O)cc1O,1
O=c1ccc2c3c(c(O)cc2o1)CC(O)C(c1ccc(O)c(O)c1)O3,1
CC(C)C1CCC2(C)CCCC(C)C2C1,1
COc1cc(C(=O)OCC23OC2C(O)C2C=COC(OC4OC(CO)C(O)C(O)C4O)C23)ccc1O,1
CC1=CCCC2(C)OC2C(=O)c2c(C)coc2C1,0
C=CC(C)(C=Cc1ccc(O)cc1)CCC=C(C)C,1
O=C(O)CC(O)(C(=O)O)C(O)C(=O)O,0
O=c1cc(-c2ccc(O)cc2)oc2cc(O)c(C3OC(CO)C(O)C(O)C3OC3OC(CO)C(O)C(O)C3O)c(O)c12,1
CC1CC(O)(C(C)O)C(=O)OC2CCN3CC=C(COC(=O)C1(C)O)C23,0
CC#CC#CCc1ccccc1,1
O=Cc1cccc2c1CCOC2=O,1
COc1cc(CCc2cc(OC)c(O)c(OC)c2)ccc1O,1
O=C1c2c(O)cc(O)cc2OC(c2cc(O)c(O)c(O)c2)C1O,1
O=C(OCC1OC(O)C(O)(COC(=O)c2cc(O)c(O)c(O)c2)C1OC(=O)c1cc(O)c(O)c(O)c1)c1cc(O)c(O)c(O)c1,1
CC(=O)CCCCn1c(=O)c2c(ncn2C)n(C)c1=O,1
Cc1cc(=O)c2c(O)c3c(O)cc(O)c4c5c(O)cc(O)c6c(O)c7c(=O)cc(C)c8c1c2c(c34)c(c65)c78,1
COC(C)C(O)(C(=O)OCC1=CCN2CCCC12)C(C)C,0
COC1=C(OC)C(O)C(CC=C(C)CCC=C(C)CCC=C(C)C)C(C)C1=O,1
O=c1c(O)c(-c2ccc(O)c(O)c2)oc2cc(O)cc(O)c12,1
CC1CCC2C(C)C3C(CC4C5CC=C6CC(OC7OC(CO)C(O)C(OC8OC(CO)C(O)C(O)C8O)C7OC7OC(C)C(O)C(O)C7O)CCC6(C)C5CCC43C)N2C1,1
CC1OC(OC2CCC3(C)C(CCC4(C)C3C=CC3=C5CC(C)(C)CCC5(CO)C(O)CC34C)C2(C)CO)C(O)C(OC2OC(CO)C(O)C(O)C2O)C1O,1
CC1(C)CC2C1CCC1(C)CC2(O)CCC1O,1
CC1CC(O)(C(C)Cl)C(=O)OC2CCN3CC=C(COC(=O)C1(C)O)C23,0
CC1(C)OC2Oc3ccc(C(=O)C=Cc4ccccc4)c(O)c3C2C1O,1
CC1=CC2C(=C(C)C)C(=O)CC(C)C2CC1=O,0
O=C(CC1NCCCC1O)Cn1cnc2ccccc2c1=O,0
CC12CCC3C(=O)OC(c4ccoc4)CC3(C)C1C(=O)C=CC2O,1
CC12C(=O)OC(=O)C1(C)C1CCC2O1,1
COC(C)C(O)(C(=O)OCC1=CCN2CCC(O)C12)C(C)C,0
Cc1cc(O)c2c(c1)C(=O)c1cccc(OC3OC(CO)C(O)C(O)C3O)c1C2=O,1
COc1ccc2cc1Oc1ccc(cc1)CC1c3cc(c(OC)cc3CCN1C)Oc1c(OC)c(OC)cc3c1C(C2)N(C)CC3,1
COc1cc(C=CC(=O)O)cc(OC)c1O,1
CC1=CCCC2=CC(OC2=O)c2c(C)coc2C1,1
CC1(C)CCC2(C)CC=C3C(C)(CCC4C3(C)CCC3C(C)(C)C(O)CCC43C)C2C1,1
O=c1cc(-c2ccc(O)cc2)oc2cc(O)cc(O)c12,1
O=C(c1c(O)cc(O)cc1O)C(c1coc2cc(O)cc(O)c2c1=O)C(c1ccc(O)cc1)c1ccc(O)cc1,1
COc1ccc2c(c1)OC(C)(C)C=C2,1
C=C(C)C1CCC(C)=CC1c1c(O)cc(CCCCC)cc1O,1
OCC1OC(Oc2cc3c(O)cc(O)cc3[o+]c2-c2ccc(O)c(O)c2)C(O)C(O)C1O,1
CC1(C)OCC(c2c(O)ccc3c2OC(c2ccccc2)CC3=O)C1OC(=O)C=Cc1ccccc1,1
COc1cc2c(c3oc(-c4ccccc4)cc(=O)c13)C(OC(C)=O)C(OC(C)=O)C(C)(C)O2,1
CC(C=CC=C(C)C(=O)O)=CC=CC=C(C)C=CC=C(C)C(=O)O,1
CC1(C)CCC2(C(=O)O)CCC3(C)C(=CCC4C5(C)CC(O)C(O)C(C)(C)C5CCC43C)C2C1O,1
COc1ccc2c3c([nH]c2c1)C(C)=NCC3,1
CC(C)(O)C1CCC(C)(C2C(O)CC3(C)C4CC(OC5OC(CO)C(O)C(O)C5O)C5C(C)(C)C(OC6OCC(O)C(O)C6O)CCC56CC46CCC23C)O1,1
CC12CC(O)C3CC1(OC1OC(CO)C(O)C(O)C1O)C3(COC(=O)c1ccccc1)C(=O)O2,1
CC1CCC2C(C)C(O)OC3OC4(C)CCC1C32OO4,1
O=C(O)c1cccc(-c2ccccc2)c1C(=O)O,1
COC(=O)CC1C2(C)C3=C(C)C(c4ccoc4)CC3OC2C(OC(C)=O)C2C(C)(C(=O)OC)C=CC(=O)C21C,1
O=c1c2ccccc2nc2n1CCc1c-2[nH]c2ccccc12,1
C=C(C)C(CC=C(C)C)Cc1c(O)cc(OC)c2c1OC(c1ccc(O)cc1O)CC2=O,1
COc1cc(C2OCC3C(c4ccc(O)c(OC)c4)OCC23)ccc1O,1
COc1cc(C2c3cc4c(cc3C(O)C3COC(=O)C23)OCO4)cc(OC)c1OC,1
COc1cc(-c2cc(=O)c3c(O)cc(O)cc3o2)ccc1O,1
C=CC1C(OC2OC(CO)C(O)C(O)C2O)OC=C2C(=O)OCCC21,1
CC1OC(OC2C(CO)OC(OCC3OC(OC4CCC5(C)C(CCC6(C)C5C=CC57OCC8(CCC(C)(C)CC85)C(O)CC67C)C4(C)CO)C(O)C(O)C3O)C(O)C2O)C(O)C(O)C1O,1
CC1OC(Oc2cc(O)c3c(=O)c(O)c(-c4ccc(O)c(O)c4)oc3c2)C(O)C(O)C1O,1
O=C1c2ccccc2-n2c1nc1ccccc1c2=O,1
CCC(CCC(C)C1CCC2C3C(=O)C=C4CC(O)CCC4(C)C3CCC12C)C(C)C,1
CC12CCC(O)CC1CCC1C2CCC2(C)C(c3ccc(=O)oc3)CCC12O,1
O=C(O)c1cccnc1,1
COc1cc2c(cc1OC)C1C(=O)c3ccc4c(c3OC1CO2)C=CC(C)(C)O4,0
OCc1ccc(OC2OC(CO)C(O)C(O)C2O)cc1,1
O=C(O)C=Cc1ccccc1,1
O=C1CC(c2ccc(O)c(O)c2)Oc2cc(O)cc(O)c21,1
CC1OC(OC2C(Oc3cc(O)c4c(=O)cc(-c5ccc(O)cc5)oc4c3)OC(CO)C(O)C2O)C(O)C(O)C1O,1
CC(=O)OC1CC2C(C)(C)C(=O)C=CC2(C)C2CCC3(C)C(c4ccoc4)C(=O)C4OC43C12C,1
C=C(C)C1C2OC(=O)C1C1(O)C3OC3C3(CO3)C1(C)C2O,0
CC1C(OC(=O)C=Cc2ccccc2)CC2(O)C(C=O)=COC(OC3OC(CO)C(O)C(O)C3O)C12,1
CCC(CCC(C)C1CCC2C3CC=C4CC(O)CCC4(C)C3CCC12C)C(C)C,1
CC=C1CC(C)C(C)(O)C(=O)OCC2=CCN3CC(OC1=O)C(O)C23,0
COC(=O)C1=COC(O)C2C(CO)=CCC12,1
O=C1c2c(O)cccc2C(C2OC(CO)C(O)C(O)C2O)c2cc(CO)cc(O)c21,1
CC(CCCC(CO)CO)C1CCC2C3C(O)CC4CC(O)CCC4(C)C3CC(O)C12C,0
COC(=O)C=C(C(=O)OC)C1c2c(cc(O)c(O)c2O)C(=O)OC1C(=O)OC,1
CC(=O)OC(C)(C)C1Cc2cc3ccc(=O)oc3cc2O1,1
CC(C)C12OC1C1OC13C1(C)CCC4=C(COC4=O)C1CC1OC13C2O,1
CC1OC(OC2C(Oc3cc(O)c4c(c3)OC(c3ccc(O)cc3)CC4=O)OC(CO)C(O)C2O)C(O)C(O)C1O,1
O=C(O)C=Cc1ccc(O)c(O)c1,1
O=c1c(OC2OC(CO)C(O)C(O)C2O)c(-c2ccc(O)c(O)c2)oc2cc(O)cc(O)c12,1
CC12CC3(O)OC(O1)C1(COC(=O)c4ccccc4)C3CC21OC1OC(COC(=O)c2ccccc2)C(O)C(O)C1O,1
CC12CC(c3ccoc3)OC(=O)C1=CCC1(C)C(OC3OC(CO)C(O)C(O)C3O)CC(=O)CC21,1
CC1CC2(OC2C)C(=O)OC2CCN(C)CC=C(COC(=O)C1(C)O)C2=O,0
CC1=Cc2c(c(C)cc3occ(C)c23)CC1,0
O=C1CC(c2ccc(O)cc2)Oc2cc(O)cc(O)c21,1
CC=C1CC(C)C(O)(CO)C(=O)OCC2=CC[N+]3(C)CCC(OC1=O)C23O,0
CCCCC=CC=CC1CCCC2CCC(OC(C)=O)C(C)N12,0
COc1ccc2ccc(=O)oc2c1CC=C(C)C,1
Nc1ccn(C2CSC(CO)O2)c(=O)n1,1
COc1cc(O)ccc1C=CC(=O)c1ccc(O)cc1,1
CC(C)C1(O)CC(=O)OC(C)C(O)(C(C)C)C(=O)OCC2=CCN3CCC(OC1=O)C23,0
N#CC=C1C=CC(O)CC1OC1OC(CO)C(O)C(O)C1O,1
COC1C(O)C(O)C(O)C(O)C1O,1
CC(C)=CCCC1C(=O)OC2CC3(C)C4=CC(=O)C5C(C)(C)C(O)CCC5(C)C4CCC3(C)C21,0
COc1ccc(C(O)C(C)Oc2ccc(C3OC(c4ccc(OC(C)C(O)c5ccc(OC)c(OC)c5)c(OC)c4)C(C)C3C)cc2OC)cc1OC,1
CC1=CCC(O)C(C=O)=CC2C(CCC(C)=CCC1)C2(C)C,1
COc1c2c(cc3c1-c1c(cc4c(c1OC)OCO4)C(OC(=O)c1ccccc1)C(C)(O)C(C)C3)OCO2,1
O=C1c2c(O)cc(O)cc2OC(c2ccc(O)c(O)c2)C1O,1
O=c1c2ccccc2[nH]c2cccc(O)c12,1
N#CC(=CCOC1OC(CO)C(O)C(O)C1O)CO,1
COc1cc(-c2oc3cc(O)cc(O)c3c(=O)c2O)ccc1O,1
CC1(C)CCC2(C)CCC3(C)C(=CCC4C5(C)CCC(O)C(C)(C)C5CCC43C)C2C1,1
Oc1cc(O)cc(C=Cc2ccc(O)cc2O)c1,1
O=C1C(=C(O)C=Cc2ccc(O)cc2)C(O)=C(C2OC(CO)C(O)C(O)C2O)C(=O)C1(O)C1OC(CO)C(O)C(O)C1O,1
C=CCc1ccc(O)c(-c2cc(CC=C)ccc2O)c1,1
OC1CCN2Cc3ccccc3N=C12,1
CC12CCC(CC1=O)C2(C)C,0
O=C1CCCC2C3CCC[N+]4([O-])CCCC(CN12)C34,1
COC(=O)C=Cc1ccc(O)c(OC)c1,1
CCCCCCCCC=CCCCCCCCC(=O)O,1
O=C(C=Cc1ccc(O)c(O)c1)OC1CC(O)(C(=O)O)CC(O)C1OC(=O)C=Cc1ccc(O)c(O)c1,1
CC1=C(O)C(=O)C=C2C1=CC=C1C2(C)CCC2(C)C3CC(C)(C(=O)O)CCC3(C)CCC12C,1
O=C1CC(c2ccc(O)cc2)Oc2cc3oc4cc(O)c(O)cc4c3c(O)c21,1
C=C(C)C1Cc2c(ccc3c2OC2COc4cc(OC)c(OC)cc4C2C3=O)O1,0
COc1c(O)ccc2ccc(=O)oc12,1
COC1CC2C(C)(C)C(=O)CCC2(C)C2=C1C1(C)C(O)CC(C(C)CCC=C(CO)CO)C1(C)CC2,1
CCCCCC=CCC=CCCCCCCCC(=O)O,0
O=C(C=Cc1ccc(O)cc1)c1c(O)cc(O)cc1OC1OC(CO)C(O)C(O)C1O,1
O=c1ccc2c(ccc3ccoc32)o1,1
CCN1CC2(COC)C(O)CC(OC)C34C5CC6(O)C(OC)C(O)C(OC(C)=O)(C5C6OC(=O)c5ccccc5)C(C(OC)C23)C14,0
COc1cc2c3c(c4cc(OC)c(OC)cc4c2cc1OC)CN1CCCC1C3,0
CC1OC(OC2CCC3(C)C(CCC4(C)C5CC(O)C6(CO)CCC(C)(C)C=C6C5CC(O)C43)C2(C)CO)C(O)C(OC2OC(CO)C(O)C(O)C2O)C1O,1
O=c1c(-c2ccc(O)cc2)coc2cc(O)cc(O)c12,1
COC(=O)C12Oc3cc(C)c(-c4c(C)cc5c(c4O)C(O)=C4C(=O)CCC(O)C4(CO)O5)c(O)c3C(O)=C1C(=O)CCC2OC(=O)c1ccccc1,1
COc1cc2c(cc1O)CC1c3c(cc(O)c(OC)c3-2)CCN1C,1
O=c1ccc2ccccc2o1,1
CC1OC(OC2CCC3(C)C(CCC4(C)C3C=CC35OCC6(CCC(C)(C)CC63)C(O)CC45C)C2(C)CO)C(O)C(OC2OC(CO)C(O)C(O)C2O)C1O,1
CC=C(C)C(=O)OC1CC(OC(C)=O)C2(C(=O)OC)COC3C2C12COC(O)(C(=O)OC)C2C(C)(C12OC1(C)C1CC2OC2OC=CC21O)C3O,1
CC1CCC2(C(=O)O)CCC3(C)C(=CCC4C5(C)CCC(=O)C(C)(C)C5CCC43C)C2C1(C)O,0
COc1cc2c(c(OC)c1OC)-c1c(cc3c(c1OC)OCO3)CC(C)C(C)(O)C2,1
COC1=CC(=O)OC(C=Cc2ccc3c(c2)OCO3)C1,0
Cc1ccc(C(C)C)c(O)c1,1
CC(Cc1ccc(O)c(O)c1)C(C)Cc1ccc(O)c(O)c1,1
COc1c(C)c(O)c(C)c(O)c1C(=O)C=Cc1ccccc1,1
O=c1cc(-c2ccccc2)oc2cc(OC3OC(CO)C(O)C(O)C3O)c(O)c(O)c12,1
O=C1c2ccc(O)cc2OC(c2ccc(O)c(O)c2)C1O,1
COc1cc2c(cc1O)C1C(O)C(O)C=C3CCN(C2)C31,0
CC(=O)OC1CCN2CC=C(COC(=O)C(O)(C(C)O)C(C)(C)O)C12,0
CC1(C)CC2C3=CCC4C5(C)CCC(O)C(C)(CO)C5CCC4(C)C3(C)CC(O)C2(CO)C(O)C1O,1
COc1cc2c(cc1OC)-c1cc3ccc(OC)c(OC)c3c[n+]1CC2,1
CC1=CC(=O)C(=C(C)C)CC2C(C)(O)CCC12O,0
COc1cc(CO)c(-c2c(CC(C)C(C)=O)cc3c(c2OC)OCO3)c(OC)c1OC,1
CC=C(C)C(=O)OC1CCN2CC=C(COC(=O)C(O)(C(C)OC(C)=O)C(C)(C)O)C12,0
COC(=O)C1=COC(OC2OC(CO)C(O)C(O)C2O)C2C1C=CC2(O)CO,1
CC1(OC2OC(CO)C(O)C(O)C2O)CC(O)C2C=COC(OC3OC(CO)C(O)C(O)C3O)C21,1
COc1ccc(-c2cc(=O)c3c(O)cc(OC4OC(COC5OC(C)C(O)C(O)C5O)C(O)C(O)C4O)cc3o2)cc1O,1
C=C(CCC=C(C)C)C1CCC2(C)C1C(O)CC1C3(C)CCC(OC4OC(CO)C(O)C(O)C4OC4OC(CO)C(O)C(O)C4O)C(C)(C)C3CCC12C,1
COc1cc2c[n+](C)c3c4cc5c(cc4ccc3c2cc1OC)OCO5,0
C=CC1C(OC2OC(CO)C(O)C(O)C2O)OC=C2C(=O)OCCC21O,1
CCNC(=O)CCC(N)C(=O)O,1
O=C(O)C1OC(Oc2cc(O)c3c(=O)cc(-c4ccc(O)c(O)c4)oc3c2)C(O)C(O)C1O,1
CC1(C(=O)O)CCC2(C)CCC3(C)C(=CC(=O)C4C5(C)CCC(OC6OC(C(=O)O)C(O)C(O)C6OC6OC(C(=O)O)C(O)C(O)C6O)C(C)(C)C5CCC43C)C2C1,1
COc1ccc(C2CC(=O)c3c(O)cc(OC4OC(CO)C(O)C(O)C4OC4OC(C)C(O)C(O)C4O)cc3O2)cc1O,1
CC1CCC2(OC1)OC1CC3C4CC=C5CC(OC6OC(CO)C(OC7OC(CO)C(O)C7O)C(OC7OC(C)C(O)C(O)C7O)C6O)CCC5(C)C4CCC3(C)C1C2C,1
O=C(O)C1=CC(O)C(O)C(O)C1,1
Cn1c(=O)c2[nH]cnc2n(C)c1=O,1
O=C(C=Cc1ccc(O)c(O)c1C=Cc1ccc(O)c(O)c1)OC(Cc1ccc(O)c(O)c1)C(=O)O,1
CC1CCC(C(C)C)C(=O)C1,0
CC1=CC2C(CC1=O)C(C)CC(=O)C2C(C)C,0
C=C1C(=O)OC2CC(C)C3C=CC(=O)C3(C)C(OC(C)=O)C12,0
CC1=CC2C3C4C(=C(C)C3C13C1OC(=O)C(C)C1CCC(C)(O)C23)C1OC(=O)C(C)C1CCC4(C)O,0
CC(C)=CCCC(C)=CCc1c(O)c(CC=C(C)C)c2c(c1O)C(=O)C1=CC3CC4C(C)(C)OC(CC=C(C)C(=O)O)(C3=O)C14O2,1
O=c1cc(-c2ccccc2)oc2cc(O)cc(O)c12,1
CC(=O)CC1CCCCN1,0
C=C(CC(=O)OC)C(=O)CC1(C)C(C)C(O)C(OC(=O)C=Cc2ccccc2)C2(C)C(C)=CCCC12,1
OCC1OC(Oc2ccc(O)cc2)C(O)C(O)C1O,1
COc1ccc(Cc2nccc3cc(OC)c(OC)cc23)cc1OC,0
COc1c(O)cc2oc(Oc3ccc(O)cc3)cc(=O)c2c1O,1
O=c1ccc2ccc3occc3c2o1,1
COc1cc2c(CCNC(C)=O)c[nH]c2cc1O,1
C=C1C(=O)OC2CC3(C)C(O)CCC(=C)C3CC12,0
O=C(O)CC(C(=O)O)C1c2c(cc(O)c(O)c2O)C(=O)OC1C(=O)O,1
C=CCc1ccc(OC)cc1,0
CC(C)=CCCC(C)(O)C1CCC2(C)C1C(O)CC1C3(C)CCC(O)C(C)(C)C3C(OC3OC(CO)C(O)C(O)C3OC3OC(CO)C(O)C(O)C3O)CC12C,1
COC(=O)C1=COC(C)C2CN3CCc4c([nH]c5ccc(OC)cc45)C3CC12,0
CC(C)C1C(=O)OC2CCN3CC=C(COC(=O)C(O)(C(C)O)C1O)C23,0
O=c1oc2cc(O)cc(O)c2c2oc3cc(O)c(O)cc3c12,1
Cn1c(=O)c2c(ncn2C)n(C)c1=O,1
C=C(CO)C1CCC2(C)CCC=C(C)C2C1,0
COc1cc2c(cc1O)C1(Cc3ccc4c(c3C1=O)OCO4)N(C)CC2,1
CC(=O)OC1(C)C(=O)OCC2=CCN(C)CCC(OC(=O)C(O)(C(C)O)CC1C)C2=O,0
COCC1Cc2cc(OC)c3c(c2C(c2ccc(OC)c(OC)c2)C1COC)OCO3,1
O=c1cc(C2Oc3cc(O)cc(O)c3CC2O)cc2c(C3Oc4cc(O)cc(O)c4CC3O)cc(O)c(O)c2c1O,1
COc1cc(CC2C(=O)OCC2Cc2ccc(OC)c(OC)c2)ccc1O,1
C1CCN2CC3CC(CN4CCCCC34)C2C1,1
CC(C)=CCCC(C)c1ccc(C)c(O)c1,1
Oc1ccc(C2Oc3cc(O)c4c5c3C2c2cc(O)cc(O)c2C(c2ccc(O)cc2)C5C(c2cc(O)cc(O)c2)C4c2ccc(O)cc2)cc1,0
CCCCCCCCC=CCCCCCCCC(=O)OC(COC(=O)CCCCCCCCCCCCCCCCC)COP(=O)([O-])OCC[N+](C)(C)C,1
COc1cc(-c2coc3cc(OC4OC(CO)C(O)C(O)C4O)c(OC)c(O)c3c2=O)cc(O)c1OC,1
C=C(C)C1CCC2=CCCC(C)C2(C)C1,1
CC(C=CC=C(C)C=CC1=C(C)CC(O)CC1(C)C)=CC=CC=C(C)C=CC=C(C)C=CC1C(C)=CC(O)CC1(C)C,1
COc1ccc(CC2COC(=O)C2Cc2ccc(OC3OC(CO)C(O)C(O)C3O)c(OC)c2)cc1OC,1
CC1CC2OC(=O)C3=C2C(CCC3)C12CC(c1ccoc1)OC2=O,0
COc1ccc(-c2cc(=O)c3c(O)cc(O)cc3o2)cc1O,1
O=C1c2ccccc2C(=O)c2c1ccc(O)c2O,0
CC(C)=CCCC(C)=CC=CC(C)=CC=CC(C)=CC=CC=C(C)C=CC=C(C)C=CC=C(C)CCC=C(C)C,1
Cc1ccc(C(C)C)cc1O,1
O=C(C=Cc1ccccc1)OCC1OC(OC2OC=CC3C(O)C4OC4(CO)C23)C(O)C(O)C1O,1
CC=C(C)C(=O)OC1c2cc(OC)c(OC)c(OC)c2C2C(=CC(C)C1(C)O)C=C1OCOC1=C2OC,1
CCCCCCCCCC=CCCC=CC(O)C(COC1OC(CO)C(O)C(O)C1O)NC(=O)CCCCCCCCCCCCCCC,1
OC1C=C2CCN3Cc4cc5c(cc4C(C1O)C23)OCO5,1
C=C1CC=CC2(C)CC3(O)OC(=O)C(C)C3=CC12,1
COC1C=C2C3CC(C)(C)CCC3(CO)C(O)CC2(C)C2(C)CCC3C(C)(C)C(OC4OC(C)C(O)C(OC5OC(CO)C(O)C(O)C5O)C4O)CCC3(C)C12,1
C=C(C)C1Cc2c(c(OC)cc3ccc(=O)oc23)O1,1
Cc1cc(O)c2c(c1)C(C1c3cc(C)cc(O)c3C(=O)c3c(O)cc(O)cc31)c1cc(O)cc(O)c1C2=O,0
CC=C1CC(C)C(C)(O)C(=O)OCC2CCN3CCC(OC1=O)C23,0
COc1c(O)cc2occ(-c3ccc(O)cc3)c(=O)c2c1O,1
COc1cc(O)c2c(=O)c3c(OC4OC(CO)C(O)C(O)C4O)ccc(O)c3oc2c1,1
CC1OC(OC2C(OC(=O)C=Cc3ccc(O)c(O)c3)C(CO)OC3OCC(c4ccc(O)c(O)c4)OC32)C(O)C(O)C1O,1
O=C(O)c1cc(=O)c2ccccc2[nH]1,1
Cc1c(O)c2c(c(C)c1CCO)C(=O)C(C)(C)C2,1
O=C1CCCC2C3CCCN4CCCC(O)(CN12)C34,1
CC1C(=O)OC2CC34C5CC(C(C)(C)C)C36C(OC(=O)C6O)OC4(C(=O)O5)C21O,1
COC(=O)C12C3=C(C(C)OC1C1C4=C(C(=O)OCC4=CC45C6=C(C(=O)OCC6)C(CC14)OC5C)C2O)C(O)OCC3,1
CC1OC(OC2C(O)C(OCCc3ccc(O)c(O)c3)OC(CO)C2OC(=O)C=Cc2ccc(O)c(O)c2)C(O)C(O)C1O,1
CC=C(C)C(=O)OC1CCN2CC=C(CO)C12,0
O=C1OC2CC1C13CCC4(O)C(=O)OC(c5ccoc5)CC4(COC1=O)C3C2,0
C[C@@H]1O[C@@H](O[C@H]2[C@H](OC(=O)[C@]34CCC(C)(C)C[C@H]3C3=CC[C@@H]5[C@@]6(C)C[C@H](O)[C@@H]7O[C@@H]8O[C@H](CO)[C@@H](O)[C@H](O)[C@H]8O[C@@H]8OC[C@H](O)[C@H](O)[C@H]8OC(=O)CC(C)(O)CC(=O)OC[C@@]7(C)[C@@H]6CC[C@@]5(C)[C@]3(C)CC4)OC[C@H](O)[C@@H]2O)[C@H](O)[C@H](O[C@@H]2OC[C@@H](O)[C@H](O)[C@H]2O)[C@H]1O,1
CC=C1CC(C)C(O)C(=O)OCC2=C3C(CCN3CC2)OC1=O,0
O=C1CCCC2C3CCCN4CCCC(CN12)C34,1
CC1(C)CCC2(C)CCC3(C)C(=CCC4C5(C)CCC(O)C(C)(C(=O)O)C5CCC43C)C2C1,1
OCC1OC(Oc2c(O)cc(O)cc2C=Cc2ccc(O)cc2)C(O)C(O)C1O,1
CC1=CCC(=C(C)C)C(=O)CC(C)=CCC1,1
COC1=C(OC)C(OC(C)=O)C(CC=C(C)CCC=C(C)CC2CC(C)C(=O)O2)C(C)C1=O,1
CC(=O)C=CC1=C(C)CCCC1(C)C,1
C=CC1C(OC2OC(CO)C(O)C(O)C2O)OC=C(C(=O)OC)C1CCOC(=O)c1cc(O)c(O)c(O)c1,1
C=C1CCCC2(C)CCC(C(C)(C)O)CC12,1
CC1(C)C2CC=C(C=O)C1C2,1
CC1(C)C=Cc2c(ccc3c2OCC(c2ccc(O)cc2O)C3)O1,1
CC(=O)OC1CC2C(=O)OC(c3ccoc3)CC2(C)C2CC3CC(C(=O)O3)C12,0
CC(C)=CCCC(C)(OC1OC(CO)C(O)C(O)C1O)C1CCC2(C)C1C(O)CC1C3(C)CCC(O)C(C)(C)C3C(OC3OC(CO)C(O)C(O)C3O)CC12C,1
O=c1cc(-c2ccc(O)cc2)oc2cc(OC3OC(CO)C(O)C(O)C3O)c(C3OC(CO)C(O)C(O)C3O)c(O)c12,1
O=C1C=CCC2C3CCCN4CCCC(CN12)C34,1
OCC1=CC(O)C2C=COC(OC3OC(CO)C(O)C(O)C3O)C12,1
COC(=O)CC(O)(CCCC(C)(C)O)C(=O)OC1C(OC)=CC23CCCN2CCc2cc4c(cc2C13)OCO4,1
CC12CC(c3ccoc3)OC(=O)C1CC(=O)C1C3CC(CC12)OC3=O,0
COc1cc(C2Oc3c(O)cc(C4Oc5cc(O)cc(O)c5C(=O)C4O)cc3C2CO)ccc1O,1
CC(C)C(O)(C(=O)OCC1CCN2CCCC12)C(C)O,0
CC1CCC2(OC1)OC1CC3C4CCC5CC(OC6OC(CO)C(O)C(O)C6OC6OC(CO)C(O)C(O)C6O)CCC5(C)C4CCC3(C)C1C2C,0
COc1cc(C=CC(=O)OC2C(CO)OC3OCC(c4ccc(O)c(O)c4)OC3C2OC2OC(C)C(O)C(O)C2O)ccc1O,1
COc1c(O)cc2oc(-c3ccccc3)cc(=O)c2c1O,1
O=C1c2ccccc2C(=O)c2c1ccc(OC1OC(COC3OCC(O)C(O)C3O)C(O)C(O)C1O)c2O,1
C=C1C(=O)OC2CCN3CC=C(COC(=O)C(C)(O)C4(CO4)C1C)C23,0
C=C1CC(O)C2C(=C)C(=O)OC2C2C(C)C(=O)CC12,1
CC(CC(O)C(O)C(C)(C)O)C1=C2CC(O)C3C4(C)CCC(=O)C(C)(C)C4CCC3(C)C2(C)CC1,1
CC(C)CNC(=O)C=CC=Cc1ccc2c(c1)OCO2,1
COC1=CC2C3Cc4ccc(OC)c(O)c4C2(CCN3C)CC1=O,1
C=CCc1ccc2c(c1)OCO2,0
Cc1cc2c(C(C)C)c(O)c(O)c(C=O)c2c(O)c1-c1c(C)cc2c(C(C)C)c(O)c(O)c(C=O)c2c1O,1
CC(C)=CCCC1(C)CC(O)c2c(O)c3c(c(CC=C(C)C)c2O1)OC12C(=CC4CC1C(C)(C)OC2(CC=C(C)C(=O)O)C4=O)C3=O,1
COC(C)C(O)(C(=O)OCC1=CCN2CCC(O)C12)C(C)(C)O,0
CC1(C)CCC2(C(=O)O)CCC3(C)C(=CCC4C5(C)CCC(OC6OC(C(=O)O)C(O)C(O)C6O)C(C)(C)C5CCC43C)C2C1,1
CC(=O)OC(C)(C)C=CC(=O)C(C)(O)C1C(O)CC2(C)C3CC=C4C(C=C(OC5OC(CO)C(O)C(O)C5O)C(=O)C4(C)C)C3(C)C(=O)CC12C,1
C=C1CC23CCC4C(C)(C(=O)OC5OC(CO)C(O)C(O)C5O)CCCC4(C)C2CCC1(OC1OC(CO)C(O)C(O)C1OC1OC(CO)C(O)C(O)C1O)C3,1
COc1ccc2cc3[n+](cc2c1O)CCc1cc2c(cc1-3)OCO2,1
CCC(C=CC(C)C1CCC2C3CC=C4CC(O)CCC4(C)C3CCC12C)C(C)C,1
COc1c2ccccc2nc2occc12,1
CC1OC(OC2C(O)C(OCCc3ccc(O)c(O)c3)OC(COC3OC(CO)C(O)C(O)C3O)C2OC(=O)C=Cc2ccc(O)c(O)c2)C(O)C(O)C1O,1
Cc1nc(C)c(C)nc1C,1
O=C(C=Cc1ccc(O)c(O)c1)OC(Cc1ccc(O)c(O)c1)C(=O)O,1
CC1OC(OCC2OC(Oc3c(-c4ccc(O)c(O)c4)oc4cc(O)cc(O)c4c3=O)C(O)C(O)C2O)C(O)C(O)C1O,1
CC=C1CC(C)C(C)(OC(C)=O)C(=O)OCc2ccn3c2C(CC3=O)OC1=O,0
CC(C)=CC(=O)O,0
COc1cc2c(c(O)c1OC)-c1c(cc(OC)c(OC)c1OC)CC(C)C(C)C2,1
CCC(CC(O)C(C)C1CCC2C3=CC(=O)C4C(C)C(OC(=O)c5ccccc5)CCC4(C)C3CCC21C)C(C)C,1
CC1OC(OC2CCC3(C)C(CCC4(C)C3C=CC3=C5CC(C)(C(=O)OCC(O)C(O)C(O)COC6OC(CO)C(O)C(O)C6O)CCC5(CO)C(O)CC34C)C2(C)CO)C(O)C(OC2OC(CO)C(O)C(O)C2O)C1O,1
CC1CC2C(=O)C=C3OCOC34Oc3cc5c(cc3C(C1C)C24)OCO5,1
CC1C(OC(=O)C=Cc2ccccc2)CC2C(C=O)=COC(OC3OC(CO)C(O)C(O)C3O)C21,1
O=c1ccc2ccc(O)cc2o1,1
CC(=O)OC(C(O)CC(C)C1=C2CC(O)C3C4(C)CCC(=O)C(C)(C)C4CCC3(C)C2(C)CC1)C(C)(C)O,1
COc1ccc2c(c[n+](C)c3c4cc5c(cc4ccc23)OCO5)c1OC,1
C=CCSS(=O)CC=C,1
O=c1cc(-c2ccc(O)c(O)c2)oc2cc(O)c(C3OC(CO)C(O)C(O)C3O)c(O)c12,1
CC1(C)CC2C3=CCC4C5(C)CCC(O)C(C)(C=O)C5CCC4(C)C3(C)CC(O)C2(CO)C(O)C1O,1
O=C(O)c1cc(O)c(O)c(O)c1,1
O=C(O)C1OC(Oc2cc3oc(-c4ccccc4)cc(=O)c3c(O)c2O)C(O)C(O)C1O,1
CCC1C(=O)OCC1Cc1cncn1C,0
COC1=CC(=O)OC(CCc2ccccc2)C1,0
CC(=O)OC(C)(C)C=CC(=O)C(C)(O)C1C(O)CC2(C)C3CC=C4C(C=C(O)C(=O)C4(C)C)C3(C)C(=O)CC12C,1
O=Cc1ccc(O)c(O)c1,1
CC(C)C1C(=O)OC2CC[N+]3(C)CC=C(COC(=O)C(C)(O)C1C)C23O,0
C=CC1=C(C)C2=NC1=CC1=NC(=CC3=C(C)C4=C(O)C(C(=O)OC)C(=C5NC(=C2)C(C)C5CCC(=O)O)C4=N3)C(CC)=C1C,1
COC(=O)C1=C2CCC3C(=O)OC(c4ccoc4)CC3(C)C2CCC1OC1OC(CO)C(O)C(O)C1O,1
O=c1c(O)c(-c2ccc(O)cc2O)oc2cc(O)cc(O)c12,1
O=C1c2ccccc2C(=O)c2c1cc(O)c(C(=O)O)c2O,1
CN1CCc2cc3c(cc2C(=O)Cc2ccc4c(c2C1)OCO4)OCO3,1
CC1(C)CCC2(C(=O)O)CCC3(C)C(=CCC4C5(C)CC(O)C(O)C(C)(CO)C5CCC43C)C2C1,1
COC(=O)C1CC23C4=C(CCC41)CCC1CN4CC(C)C(O)(CCC12C)C43,1
COc1cc2oc(=O)ccc2cc1C=O,1
CC(=O)CCC1C2CC3=C(C)C(=O)OC3CC12C,1
C=C1C(=O)OC2CC3(C)CCCC(=C)C3CC12,1
CC1CCC2(OC1)OC1CC3C4CCC5CC(OC6OC(CO)C(OC7OC(C)C(O)C(O)C7O)C(O)C6OC6OC(C)C(O)C(O)C6O)CCC5(C)C4CCC3(C)C1C2C,1
CC(=CC(=O)O)c1c(O)c(C2OC(CO)C(O)C(O)C2O)c2c(c1O)C1OC(CO)C(O)C(O)C1O2,1
CC1CCC(C(C)C)C(O)C1,0
CC(C)C1C(=O)OC2CCN3CC=C(COC(=O)C(C)(O)C1(C)O)C23,0
O=C(C=Cc1ccc(O)c(O)c1)OC1CC(OC(=O)C=Cc2ccc(O)c(O)c2)(C(=O)O)CC(O)C1O,1
CC1CC2(C)CC(=O)OC3CCN4CCC(COC(=O)C1(C)O2)C34,0
CCC1NC(=O)CC(c2ccccc2)NC(=O)C(CO)NC(=O)C(C(C)O)NC(=O)C2C(Cl)C(Cl)CN2C1=O,0
c1c2c(cc3c1OCO3)-c1cc3ccc4c(c3c[n+]1CC2)OCO4,1
COC(=O)C1CC2CC3C1(C(=O)O2)C1CC2(OC(c4ccoc4)CC32C)C(=O)O1,0
C=C(CCC(C)C1CCC2C3=C(C(=O)CC21C)C1(C)CCC(=O)C(C)C1CC3)C(C)C(=O)OC,1
COC(=O)C1CC(=O)c2oc(=O)c3cc(O)c(O)c(O)c3c21,1
CCCC=C1OC(=O)c2ccccc21,1
C=C(C)C1Cc2c(cc(O)c3c(=O)c4ccccc4n(C)c23)O1,1
CC(=O)OC1CC(O)C23COC(O)C1(C)C2CC(O)C1(C)C2C(=O)CC(c4ccoc4)C2(C)C(OC(C)=O)C(=O)C13,0
COc1cc2c(cc1O)OC1c3ccc(O)cc3OCC21,1
CN1CCC23c4c5ccc(O)c4OC2C(O)C=CC3C1C5,0
COc1cc(CCC(=O)CC(=O)CCc2ccc(O)c(OC)c2)ccc1O,1
COc1cc(C=CC(=O)COC(=O)C=Cc2ccc(O)c(OC)c2)ccc1O,1
O=C1c2ccccc2C(=O)c2c(O)cccc21,0
CC1OC(OC2C(O)C(COC(=O)C=Cc3ccc(O)c(O)c3)OC(OCCc3ccc(O)c(O)c3)C2O)C(O)C(O)C1O,1
CC(C)=CCCC(C)(O)C1CC=C(C)CC1,1
COc1ccc2cc1Oc1ccc(cc1)C[C@H]1c3cc(c(OC)cc3CCN1C)Oc1c(O)c(OC)cc3c1[C@H](C2)N(C)CC3,1
Oc1cc(O)c2cc(O)c(-c3cc(O)c(O)c(O)c3)[o+]c2c1,1
CC(C)=CCCC(C)=CCO,1
CC1=CCCC23OC2C(OC3=O)c2c(C)coc2C1,1
CCC12C(=O)OC3CC[N+]4(C)CC=C(COC(=O)C(C)(OC1=O)C2C)C34O,0
O=C(OC1OC2COC(=O)c3cc(O)c(O)c(O)c3-c3c(cc(O)c(O)c3O)C(=O)OC(C2O)C1O)c1cc(O)c(O)c(O)c1,1
CC(=O)OC1CC(O)C23COC(O)C1(C)C2CC(O)C1(C)C3C(=O)C(OC(C)=O)C2(C)C(c3ccoc3)CC3OC321,1
CC1C(O)C2OC(=O)C3=C2C(CCC3)C12CC(c1ccoc1)OC2=O,0
Oc1ccc(-c2[o+]c3cc(O)cc(O)c3cc2O)cc1,1
COC(=O)C1CC(O)CC2C1C(=O)CC1C(=O)OC(c3ccoc3)CC12C,0
O=c1cc(-c2ccc(O)cc2)oc2cc(OC3OC(CO)C(O)C(O)C3OC3OCC(O)(CO)C3O)cc(O)c12,1
CC(C)=CCCC1(C)C=Cc2c(O)c3c(c(CC=C(C)C)c2O1)OC12C(=CC4CC1C(C)(C)OC2(CC=C(C)C(=O)O)C4=O)C3=O,1
Cc1coc2c1C(=O)C(=O)c1c-2ccc2c(C)cccc12,1
COC(=O)C1=COC(OC2OC(COC(C)=O)C(OC(C)=O)C(OC(C)=O)C2OC(C)=O)C2C(COC(C)=O)=CCC12,1
O=C(CCc1ccc(O)cc1)c1c(O)cc(O)cc1OC1OC(CO)C(O)C(O)C1O,1
COc1cc2oc(-c3ccc(O)cc3)cc(=O)c2cc1O,1
COC1=CC(=O)OC(C=Cc2ccccc2)C1,0
COc1ccc(-c2oc3cc(O)cc(O)c3c(=O)c2O)cc1,1
O=c1cc(-c2ccccc2)oc2cc(O)c(O)c(O)c12,1
CC(Cc1cc2c(cc1O)OCO2)C(C)C(=O)c1ccc2c(c1)OCO2,1
COC(=O)C1CC(O)CC2C1C1CC3(OC(c4ccoc4)CC23C)C(=O)O1,0
COc1cc(C2OCC3C(c4cc(OC)c(OC5OC(CO)C(O)C(O)C5O)c(OC)c4)OCC23)cc(OC)c1OC1OC(CO)C(O)C(O)C1O,1
O=C1OCC2OC(Oc3cc(O)c(C(=O)CCc4ccccc4)c(O)c3)C(O)C(O)C2OC(=O)c2cc(O)c(O)c(O)c2-c2c1cc(O)c(O)c2O,1
CC(C)=CCc1c(O)ccc(C(=O)C=Cc2ccc(O)cc2)c1O,1
CC1CCC(C2(C)CO2)C(=O)C1,0
CN1C2CC(OC(=O)C(CO)c3ccccc3)CC1C(O)C2,1
CCCCCCCCCCCCCCCC(=O)O,0
CC1(C)CC2C3=CCC4C5(C)CCC(O)C(C)(C)C5CCC4(C)C3(C)CC(O)C2(CO)C(O)C1O,1
CC1CCCC(=O)C1,0
CNC(C)C1C(O)CC2(C)C3CCC4C(C)(C)C(NC)CCC45CC35CCC12C,0
C=C1C(=O)OC2C1CCC(=C)C1CCC(=C)C12,1
COC(=O)C1(C)CCC2(C(=O)O)CCC3(C)C(=CCC4C5(C)CC(O)C(OC6COC(OC7OC(CO)C(O)C(O)C7O)C(O)C6O)C(C)(CO)C5CCC43C)C2C1,0
COc1cc(C(=O)OC2C3C=COC(OC4OC(CO)C(O)C(O)C4O)C3C3(CO)OC23)ccc1O,1
COc1c2ccoc2cc2oc(=O)ccc12,1
Cc1cc(OC2OC(CO)C(O)C(O)C2O)c2c(c1)C(=O)c1cccc(O)c1C2=O,1
Cc1coc2c1C(=O)C(=O)c1c-2ccc2c1CCCC2(C)C,1
CC1(C)CC(O)C2(CO)C(O)CC3(C)C(=CCC4C5(C)CCC(O)C(C)(C)C5CCC43C)C2C1,1
C=C(C)C1CCC2(C)CCC3(C)C(CCC4C5(C)CCC(OC(C)=O)C(C)(C)C5CCC43C)C12,1
O=c1cc(-c2ccc(O)c(-c3c(O)cc4oc(-c5ccc(O)cc5)cc(=O)c4c3O)c2)oc2cc(O)cc(O)c12,1
C=CC(C)(C)c1cc2cc3c(cc2oc1=O)OC(C)(C)C=C3,1
CC1=CC=C(C(C)C)CCC(C=O)=CCCC(C)=CCC1,1
COC(=O)C1CC23CCCN4CCC5(c6ccccc6NC15CC2)C43,1
CC1(C)CCC2(C(=O)O)CCC3(C)C(=CCC4C5(C)CC(O)C(O)C(C)(C)C5CCC43C)C2C1,1
OCC(O)C(O)C(O)C(O)CO,1
COc1cc(-c2oc3cc(O)cc(O)c3c(=O)c2OC2OC(CO)C(O)C(O)C2O)ccc1O,1
O=C(C=Cc1ccc(O)c(O)c1)OC1CC(O)(C(=O)O)CC(O)C1O,1
COc1cc2ccc(=O)oc2c(OC)c1O,1
O=C(C=Cc1ccc(O)cc1)OC1CC(O)(C(=O)O)CC(O)C1O,1
C=C(C)C1CCC2(C(=O)O)CCC3(C)C(CCC4C5(C)CCC(O)C(C)(C)C5CCC43C)C12,1
C=C1CC(CC)C(=O)OC2CC[N+]3(C)CC=C(COC(=O)C1(C)O)C23O,0
CCCCCCC=CCCCCCCCCCC1=CC(=O)C=C(OC)C1=O,1
CC(=O)OCC12C(OC(C)=O)C(OC(C)=O)C3C(OC(C)=O)C14OC3(C)COC(=O)c1cccnc1CCC(C)C(=O)OC(C(OC(=O)c1ccccc1)C2OC(C)=O)C4(C)O,0
CC1(C)OC2CC(=O)OCC23C1CC(=O)C1(C)C3CCC2(C)C(c3ccoc3)OC(=O)C3OC321,1
C=C(CCC(C)C1CCC2C3=C(C(=O)CC21C)C1(C)CCC(O)C(C)(O)C1CC3O)C(C)C(=O)O,1
CC1=CCC(C)(C)C(O)C2CC2(C)C(O)CC1,1
Cc1coc2c1CCC(C)C2,0
CCC1(O)CC(C)C(C)(OC(C)=O)C(=O)OCC2=CCN3CCC(OC1=O)C23,0
COC(=O)C(O)CC(O)(C(=O)OC)C1Cc2c(oc3cc(C)cc(O)c3c2=O)S1,0
CC(C)=C1CC2C(CCC2(C)O)C(C)(O)CC1=O,0
CC1=CCC(C(C)C)C=C1,1
CCCCCCCCCC=CCCC=CC(O)C(COC1OC(CO)C(O)C(O)C1O)NC(=O)C(O)CCCCCCCCCCCCCC,1
C=C1C(=O)C23C4OC5OC2(O)C(O)C2C(C)(C)CCC(O)C52C3CCC14,1
OCC1OC(OC2OC=CC3C(OC4OC(CO)C(O)C(O)C4O)C4OC4(CO)C23)C(O)C(O)C1O,1
CC(=O)C1CCC23OC24CCC2CC(O)CCC2(C)C4C(O)C(O)C13C,1
CC(=O)c1c(O)c(C)c(O)c2c1OC1=CC(=O)C(C(C)=O)C(=O)C12C,0
CC(=O)OC1CC2C(C)CC(=O)C(C(C)C)C2C=C1C,0
CC=C(C)C(=O)OC1C2OCC3(C)C(OC(C)=O)CC(O)C(C)(C23)C2CC(OCC)OC3CC(c4ccoc4)C(C)=C3C12C,0
C=C(C)C(CC=C(C)C)Cc1c(O)cc(OC)c2c1OC(c1ccc(O)cc1OC)CC2=O,1
COc1cc(-c2cc(=O)c3c(O)cc(O)c(C4OC(CO)C(O)C(O)C4O)c3o2)ccc1O,1
C=C(CCC(C)C1CCC2C3=C(C(=O)CC21C)C1(C)CCC(=O)C(C)C1CC3O)C(C)C(=O)O,1
CC1=CCC(=C(C)CO)C(=O)CC(C)=CCC1,0
CC1(O)C(CO)OC(Oc2c(O)cc(O)cc2C=Cc2ccc(O)cc2)C(O)C1O,1
CC(C=CC=C(C)C=CC1=C(C)CCCC1(C)C)=CC=CC=C(C)C=CC=C(C)C=CC1=C(C)CCCC1(C)C,1
C=C1CCC2OC2(C)CCC2C1CC2(C)C,1
CCC1(O)C(=O)OCc2c1cc1n(c2=O)Cc2cc3ccccc3nc2-1,1
CC1=CCCC(C)=CC(O)C(C(C)C)CCC(C)=CCC1,1
COc1cc2c(cc1CC=C(C)C)C(=O)CC(c1ccc(O)cc1)O2,0
CSCCCCC(=NOS(=O)(=O)O)SC1OC(CO)C(O)C(O)C1O,1
CC1OC(OC2C(OC3C(OC4CCC5(C)C(CCC6(C)C5CC=C5C7CC(C)(C)CCC7(C(=O)O)CCC56C)C4(C)C)OCC(O)C3O)OC(CO)C(O)C2O)C(O)C(O)C1O,1
CC(=O)OC(C)(C)C=CC(=O)C(C)(O)C1C(O)CC2(C)C3CC=C4C(CC(O)C(=O)C4(C)C)C3(C)C(=O)CC12C,1
C=C(C)C(CC=C(C)C)CC12CC(CC=C(C)C)C(C)(C)C(CC=C(C)C)(C(=O)C(=C(O)c3ccc(O)c(O)c3)C1=O)C2=O,1
CC1(C)CCC2(C(=O)O)CCC3(C)C(=CCC4C5(CO)CCC(=O)C(C)(C)C5CCC43C)C2C1,1
CC(=CCO)CCCC(C)CCCC(C)CCCC(C)C,1
COc1cc(C=CC(=O)OC2C(CO)OC(OCCc3ccc(O)c(O)c3)C(O)C2OC2OC(C)C(O)C(O)C2O)ccc1O,1
C=C1C(=O)OC2CC3(C)CCCC(=C)C3(O)CC12,0
O=C(O)C1(O)CC(O)C(O)C(O)C1,1
CCC1C2CC3C4N(C)c5ccccc5C45CC(C2C5O)N3C1O,0
O=C(O)CCCCC1CCSS1,1
C=C1C(=O)C23C(O)CC4C(C)(C)C(=O)CCC4(C)C2CCC1C3O,1
CC=C(C)C(=O)OC1CCN2CC=C(COC(=O)C(O)(C(C)C)C(C)O)C12,0
CC(C)=CCC1=C(O)c2ccccc2C(=O)C1=O,1
O=c1c(O)c(-c2cc(O)c(O)c(O)c2)oc2cc(O)cc(O)c12,1
CC=C1CNC(O)C2=C1CCOC2=O,1
CC1OCC23CC1(O)C(=O)OC1CCN4CC=C(COC(=O)C2(C)O3)C14,0
Cc1ccc2c(c1)C(C(C)C)CCC2C,1
CC1CCC2(C(=O)O)CCC3(C)C(=CCC4C5(C)CC(O)C(O)C(C)(C)C5CCC43C)C2C1C,1
C=CC1(C)CCC(C(C)(C)O)CC1C(=C)C,0
O=C(C=Cc1ccc(O)c2c1C(C(=O)OC(Cc1ccc(O)c(O)c1)C(=O)O)C(c1ccc(O)c(O)c1)O2)OC(Cc1ccc(O)c(O)c1)C(=O)O,1
COc1ccc(CCc2cc(OC)c(OC)c(OC)c2)cc1OC,1
O=C(C=Cc1ccc(O)c(O)c1)OC1C(O)CC(OC(=O)C=Cc2ccc(O)c(O)c2)(C(=O)O)CC1O,1
C=CC1(C)CC=C2C(CCC3C(C)(C(=O)O)CCCC23C)C1,1
COc1c(OC2OC(C(=O)O)C(O)C(O)C2O)cc(O)c2c(=O)cc(-c3ccccc3)oc12,1
Oc1cccc(O)c1O,0
COc1c(OC2OC(CO)C(O)C(O)C2O)cc2occ(-c3ccc(O)cc3)c(=O)c2c1O,1
CC1=C2C3OC(=O)C(C)C3CCC2(C)C=CC1=O,0
C=C1CCC2C(C)(COC3OC(CO)C(O)C(O)C3O)CCCC2(C)C1CCC1=CCOC1=O,1
COc1c2c(cc3c1-c1c(cc4c(c1OC)OCO4)CC(C)C(C)C3)OCO2,1
COC(=O)C1=CCC23CCC(C(C)(C=CC=C(C)C(=O)O)OC2=O)C3(OC(C)=O)CC1,1
CC1OC(OC2CCC3(C)C(CCC4(C)C3C=CC3=C5CC(C)(C(=O)OCC(O)C(O)C(O)CO)CCC5(CO)C(O)CC34C)C2(C)CO)C(O)C(OC2OC(CO)C(O)C(O)C2O)C1O,1
C=C1CC=CC(C)(C)CC(O)C(C)=CCC1O,1
O=C(O)CCCCCCCCCCC1C=CCC1,0
COc1cccc2c1cc([N+](=O)[O-])c1c(C(=O)O)cc3c(c12)OCO3,0
Cc1c(O)cc2c(c1O)C(=O)c1ccccc1C2=O,1
CC(C)=CCOc1ccc(CCNC(=O)C=Cc2ccccc2)cc1,1
COc1cc(C=CCOC(=O)C=Cc2ccc(O)c(OC)c2)ccc1O,1
COCC(Cc1ccc(OC)c(OC)c1)C(COC)Cc1ccc(OC)c(OC)c1,1
CC(C)=CCC(O)C1=CC(=O)c2c(O)ccc(O)c2C1=O,1
CC1=CC2C(C(c3[nH]c4ccccc4c3CCN(C)C)C34CCN(C)C23Nc2ccccc24)C(C)(C)C1,1
O=[N+]([O-])c1ccc(-c2csc(CCl)n2)cc1,1
CC(C)c1ccc2c(c1O)CCC1C3=C(CCC21C)C(=O)OC3,0
O=C1c2ccccc2C(=O)c2c(O)c(O)cc(O)c21,1
CC1=CC(=O)OC2CCN3CC=C(COC(=O)C(C)(O)C(C)C1)C23,0
CN1c2ccccc2C(=O)N2CCc3c([nH]c4ccccc34)C21,1
CC1(O)CC(O)C2C=COC(OC3OC(CO)C(O)C(O)C3O)C21,1
CC(=O)CCC1C2CC3=C(C)C(=O)OC3(O)CC12C,1
COc1cc2c(c(OC)c1OC)-c1c(cc3c(c1OC)OCO3)CC(C)C(C)C2,1
C=CCc1ccc(O)c(-c2ccc(O)c(CC=C)c2)c1,1
CCCCCCCCCCCC1=C(O)C(=O)C=C(O)C1=O,1
O=C(O)C1=CC(=CC=[N+]2c3cc(O)c(OC4OC(CO)C(O)C(O)C4O)cc3CC2C(=O)[O-])CC(C(=O)O)N1,1
O=C1c2cccc(O)c2C(=O)c2c(O)cccc21,0
COc1cc(C2Oc3c(OC)cc(C=CC(=O)O)cc3C2CO)ccc1O,1
COc1ccc(C2OCC3C(c4ccc5c(c4)OCO5)OCC23)cc1OC,1
CCOC(=O)c1cc(O)c(O)c(O)c1,1
O=C(O)C(O)Cc1ccc(O)c(O)c1,1
CCCCC(=O)O,0
CC=C1CC(C)C(O)(CO)C(=O)OCC2=CCN3CCC(OC1=O)C23,0
CC1C2CCC3C4CC=C5CC(N(C)C)CCC5(C)C4CCC32CN1C,1
C=C(C)C1CCC(C)CC1O,0
COc1ccc(C(C)=O)c(O)c1,1
O=c1cc(-c2ccc(O)c(O)c2)oc2cc(O)cc(O)c12,1
CC(C)(OC1OC(CO)C(O)C(O)C1O)C1CCC(O)(CO)C2CC(=O)C(C)(O)C2C1,0
CC1OC(C[N+](C)(C)C)CC1O,0
Oc1ccc(C=Cc2cc(O)cc(O)c2)cc1,1
COc1cc2c(c(OC)c1OC)-c1c(cc(O)c(OC)c1OC)CC(C)C(C)C2O,1
C=C(C(=O)O)C1CCC(C)C2CCC(C)=CC12,1
O=C1c2c(O)cc(O)cc2OC(c2ccc(O)cc2)C1O,1
O=Cc1ccc(CO)o1,1
CC1CCC2(NC1)OC1CC3C4CC=C5CC(OC6OC(CO)C(OC7OC(C)C(O)C(O)C7O)C(O)C6OC6OC(C)C(O)C(O)C6O)CCC5(C)C4CCC3(C)C1C2C,1
CC(C=CC1=C(C)CCCC1(C)C)=CC=CC(C)=CC(=O)O,1
CC(=O)OC1C(c2ccc(=O)oc2)C2(C)CCC3C(CCC4(O)CC(O)CCC34C)C23OC13,1
CCCCCC(O)CC(=O)CCc1ccc(O)c(OC)c1,1
COCC1Cc2cc(OC)c(OC)cc2C(c2ccc(OC)c(OC)c2)C1COC,1
C=CC1=C(C)C2=NC1=CC1=NC(=CC3=C(C)C4=C(O)CC(=C5NC(=C2)C(C)C5CCC(=O)O)C4=N3)C(CC)=C1C,1
CC1(C)CCC2(C(=O)O)CCC3(C)C(=CCC4C5(C)CC(O)C(O)C(C)(CO)C5CCC43C)C2C1O,1
COc1cc(C=CC(=O)N2CCC=CC2=O)cc(OC)c1OC,1
O=c1c(O)c(-c2ccc(O)c(O)c2)oc2cc(O)cc(OC3OC(CO)C(O)C(O)C3O)c12,1
O=C(O)CC(=O)OCC1OC(Oc2cc(O)c3c(=O)cc(-c4ccc(O)c(O)c4)oc3c2)C(O)C(O)C1O,1
C=CCc1cc(OC)c2c(c1)OCO2,0
CC(C)=CCOc1c2ccoc2cc2oc(=O)ccc12,1
COc1ccc(C2Oc3cc(O)cc(O)c3C(=O)C2C2C(=O)c3c(O)cc(O)cc3OC2c2ccc(O)cc2)cc1,1
O=C1OCc2c1cc1ccc3c(c1c2-c1ccc2c(c1)OCO2)OCO3,1
c1ccc2ccccc2c1,0
COc1ccc(C(O)C(C)Oc2ccc(C3OC(c4ccc(OC(C)C(O)c5ccc6c(c5)OCO6)c(OC)c4)C(C)C3C)cc2OC)cc1OC,1
COc1ccc(-c2oc3cc(OC)c(OC)c(O)c3c(=O)c2OC)cc1O,1
COc1cc(O)c2c(=O)c(O)c(-c3ccc(OC4OC(CO)C(O)C(O)C4O)cc3)oc2c1,1
O=C(O)c1cc(O)c2c(c1)C(=O)c1cccc(O)c1C2=O,1
C=C(C)C1CCC2(C)C1CCC1(C)C2CCC2C3(C)CCC(O)C(C)(C)C3CCC21C,1
Nc1ncnc2c1ncn2C1OC(CO)CC1O,1
N#CC(OC1OC(COC2OC(CO)C(O)C(O)C2O)C(O)C(O)C1O)c1ccccc1,1
O=CC(O)C1OC(=O)C(O)C1O,1
C=C1C(=O)OC2CC3(C)CCCC(C)C3=CC12,0
CC12CC3(O)OC(O1)C1(COC(=O)c4ccccc4)C3CC21OC1OC(CO)C(O)C(O)C1O,1
Cc1cc(O)c2c(c1)C(=O)c1cccc(O)c1C2=O,1
COc1ccc2[nH]cc(CCNC(C)=O)c2c1,1
C=C1CC(=CC)C(=O)OC2CC[N+]3([O-])CC=C(COC(=O)C1(C)O)C23,0
CC(C)c1cc2c(c(O)c1O)C1(C(=O)O)CCCC(C)(C)C1CC2,1
C=C1CC(=CC)C(=O)OC2CC[N+]3([O-])CC=C(COC(=O)C1(O)CO)C23,0
CC(C)=CC1COC23CC4(CO2)C(CCC2C5(C)CCC(OC6OCC(O)C(OC7OC(CO)C(O)C(O)C7O)C6OC6OC(CO)C(O)C6O)C(C)(C)C5CCC24C)C3C1(C)O,1
OC1CC2CCN3Cc4cc5c(cc4C(C1O)C23)OCO5,0
O=C1CC(OC2OC(CO)C(O)C(O)C2O)CO1,1
COc1ccc2cc3[n+](cc2c1OC)CCc1cc(O)c(O)cc1-3,1
Cc1cc2nc3c(=O)[nH]c(=O)nc-3n(CC(O)C(O)C(O)CO)c2cc1C,1
COc1cc(C2Oc3cc(C4Oc5cc(O)cc(O)c5C(=O)C4O)ccc3OC2CO)ccc1O,1
COc1cc(C2Oc3cc(O)cc(O)c3C(=O)C2O)ccc1O,1
COc1cc(CC(COC2OC(CO)C(O)C(O)C2O)C(COC2OC(CO)C(O)C(O)C2O)Cc2ccc(O)c(OC)c2)ccc1O,1
CCC1(O)C(=O)OCc2c1cc1n(c2=O)Cc2cc3cc(O)ccc3nc2-1,1
C=C(C)C1CC=C(C)CC1,1
CC1CCC2(OC1)OC1CC3C4CCC5CC(O)CC(O)C5(C)C4CCC3(C)C1C2C,1
COc1ccn(C)c(=O)c1C#N,0
COc1c(C)c(-c2c(C)c(OC)c3c(c2OC)OCO3)c(OC)c2c1OCO2,1
CN1C(=O)C(O)C(c2ccccc2)C1C(O)c1ccccc1,1
COc1cc(C=O)ccc1O,0
COC(=O)C1=CCCN(C)C1,1
O=C(C=Cc1ccc(O)cc1)c1ccc(O)cc1O,1
COc1cc2c3c(c1O)-c1c(ccc(OC)c1OC)CC3N(C)CC2,1
CC=C(C)C(=O)OC1c2c(ccc3ccc(=O)oc23)OC(C)(C)C1OC(=O)C(C)=CC,1
CC1C(C)C(O)(CO)C(=O)OC2CCN3CC=C(COC(=O)C1(C)O)C23,0
C[N+]12CC=C(CO)C1(O)C(O)CC2,0
CC(CCC=C(CO)CO)C1CCC2(C)C3=CCC4C(C)(C)C(=O)CCC4(C)C3=CCC12C,1
CC1CCC2(OC1)OC1CC3C4CCC5CC(O)CCC5(C)C4CCC3(C)C1C2C,1
OCC1OC(OCC2OC(OCC3OC(OC4(CO)OC(CO)C(O)C4O)C(O)C(O)C3O)C(O)C(O)C2O)C(O)C(O)C1O,1
CC1(C)CCC2(C(=O)OC3OC(CO)C(O)C(O)C3O)CCC3(C)C(=CCC4C5(C)CC(O)C(O)C(C)(C)C5CCC43C)C2C1O,1
COc1cc(C=Cc2ccc(O)cc2)cc(OC2OC(CO)C(O)C(O)C2O)c1,1
